,zones,id,ten,group,short_ten,diachi,email,dienthoai,zone,image,open,Lat,Lng,quan,serviceRange,khuyenmai,mincart,giaohang,onsale,onepay,zalopay,bankaccount,messenger
0,Co.opXtra,xtanphong,Co.opXtra Tân Phong - Quận 7,coopxtra,Tân Phong,"1058 Nguyễn Văn Linh, Tân Phong, 7, Hồ Chí Minh",xtanphong-marketing@saigonco-op.com.vn,(028) 3776 1234,1,https://cooponline.vn//cnms/images/coopmart/cxtanphong.jpg,7h30 - 17h,10.7296597,106.7023987,778,"['778', '760', '769', '770', '773', '774', '776', '771', '786', '785']",,200000,True,True,True,False,"{'active': True, 'name': 'Công ty TNHH Saigon Co-op Fairprice', 'account': '0071000976702', 'bank': 'Vietcombank - CN TPHCM'}",
1,Co.opXtra,xlinhtrung,Co.opXtra Linh Trung - Thủ Đức,coopxtra,Linh Trung,"934 QL1A, Linh Trung, Thủ Đức, Hồ Chí Minh",xlinhtrung-marketing@saigonco-op.com.vn,(028) 3724 3228,1,https://cooponline.vn//cnms/images/coopmart/cxlinhtrung.jpg,7h30 - 22h,10.8685274,106.775181,762,,,200000,True,True,False,False,,
2,Co.opXtra,xvanhanh,Co.opXtra Vạn Hạnh - Quận 10,coopxtra,Vạn Hạnh,"Van Hanh Mall - 11 Sư Vạn Hạnh, Phường 12, Quận 10",xvanhanh-mkt@saigonco-op.com.vn,(028) 39798 565,1,https://cooponline.vn//cnms/images/coopmart/cxvanhanh.jpg,7h30 - 22h,10.7704527,106.6673558,771,"['771', '770', '774', '776', '772', '760', '775', '766']",,300000,True,True,False,False,,
3,Co.opXtra,xphamvandong,Co.opXtra Phạm Văn Đồng - Thủ Đức,coopxtra,Phạm Văn Đồng,"Gigamall - 242 Phạm Văn Đồng, Hiệp Bình Chánh, Thủ Đức, TP.HMC",xphamvandong-mkt@saigonco-op.com.vn,(028) 3726 1232,1,https://cooponline.vn//cnms/images/coopmart/cxphamvandong.jpg,7h30 - 22h,10.8282847,106.7203214,762,,,200000,True,True,False,False,,
4,Co.opXtra,548,Coopxtra Premium - Quận 7,,CX Premium,"Tầng B1, Crescent Mall, 101 Tôn Dật Tiên, P.Tân Phú, Quận 7",xcrescentmall-mkt@saigonco-op.com.vn,(028) 028.54.121.416,1,https://cooponline.vn//cnms/images/coopmart/cxpremium.jpg,7h30 - 22h,10.8282847,106.7203214,778,['778'],,200000,False,True,False,,,
0,Co.opMart Khu Vực TPHCM,130,Co.opmart Rạch Miễu - Phú Nhuận,,Rạch Miễu,"48 Hoa Sứ, P.7, Q. Phú Nhuận. TP. HCM",rmmarketing@coopmart.vn,(028) 35 171 368,2,https://cooponline.vn//cnms/images/coopmart/cmrachmieu.jpg,7h30 - 22h,10.8282847,106.7203214,768,"['768', '770', '760', '771', '765', '767']",,200000.0,False,True,False,,,
1,Co.opMart Khu Vực TPHCM,133,Co.opmart Nhiêu Lộc - Quận 3,,Nhiêu Lộc,"Tầng trệt cao ốc SCREC, P.12, Q.3, TPHCM",nlmarketing@coopmart.vn,(028) 62 904 804,2,https://cooponline.vn//cnms/images/coopmart/cmnhieuloc.jpg,7h30 - 22h,10.8282847,106.7203214,770,"['770', '760', '771', '766', '768', '764', '772']",,200000.0,False,True,False,,,
2,Co.opMart Khu Vực TPHCM,134,Co.opmart Tuy Lý Vương - Quận 8,,Tuy Lý Vương,"40-54 Tuy Lý Vương, P.13, Q.8, Tp.HCM",tlvmarkering@coopmart.vn,(028) 39 515 465,2,https://cooponline.vn//cnms/images/coopmart/cmtuylyvuong.jpg,7h30 - 22h,10.8282847,106.7203214,776,"['776', '785', '760', '778', '774']",,200000.0,False,True,False,,,
3,Co.opMart Khu Vực TPHCM,135,Co.opmart Hùng Vương - Quận 5,,Hùng Vương,"96 Hùng Vương, P.9, Q.5, TP.HCM",hvmarketing@coopmart.vn,(028) 38 338 156,2,https://cooponline.vn//cnms/images/coopmart/cmhungvuong.jpg,7h30 - 22h,10.8282847,106.7203214,774,"['774', '771', '776', '27160', '27157', '27154', '26758', '26761']",,200000.0,False,True,False,,,
4,Co.opMart Khu Vực TPHCM,136,Co.opmart Bình Tân - Bình Tân,,Bình Tân,"158 đường số 19, Bình Trị Đông B, Q.Bình Tân, Tp.HCM",btmarketing@coopmart.vn,(028) 37626 706,2,https://cooponline.vn//cnms/images/coopmart/cmbinhtan.jpg,7h30 - 22h,10.8282847,106.7203214,777,"['777', '775', '771']",,200000.0,False,True,False,,,
5,Co.opMart Khu Vực TPHCM,141,Co.opmart Nguyễn Ảnh Thủ - Quận 12,,Nguyễn Ảnh Thủ,167/2 Nguyễn Ảnh Thủ - Quận 12,natmarketing@coopmart.vn,(028) 36 222 611,2,https://cooponline.vn//cnms/images/coopmart/cmnguyenanhthu.jpg,7h30 - 22h,10.8282847,106.7203214,761,"['761', '784']",,200000.0,False,True,False,,,
6,Co.opMart Khu Vực TPHCM,151,Co.opmart Cống Quỳnh - Quận 1,coopmart,Cống Quỳnh,"189C Cống Quỳnh - P.Nguyễn Cư Trinh, Q1 - TPHCM",cqmarketing@coopmart.vn,(028) 38 325 239,2,https://cooponline.vn//cnms/images/coopmart/cmcongquynh.jpg,7h30 - 22h,10.8282847,106.7203214,760,"['760', '770', '773', '774', '775', '778', '776', '771', '772']",,200000.0,False,True,False,,,
7,Co.opMart Khu Vực TPHCM,152,Co.opmart Hóc Môn - Hóc Môn,,Hóc Môn,"Đặng Thúc Vịnh, Xã Thới Tam Thôn, Huyện Hóc Môn, TP.Hồ Chí Minh",hmmarketing@coopmart.vn,(028)37 107 186,2,https://cooponline.vn//cnms/images/coopmart/cmhocmon.jpg,7h30 - 22h,10.8282847,106.7203214,784,['784'],,200000.0,False,True,False,,,
8,Co.opMart Khu Vực TPHCM,153,Co.opmart Hậu Giang - Quận 6,,Hậu Giang,"188 Hậu Giang, P.6, Q.6, TPHCM",hgmarketing@coopmart.vn,(028) 39 600 913,2,https://cooponline.vn//cnms/images/coopmart/cmhaugiang.jpg,7h30 - 22h,10.8282847,106.7203214,775,"['775', '772', '774', '775']",,200000.0,False,True,False,,,
9,Co.opMart Khu Vực TPHCM,154,Co.opmart Phú Thọ - Quận 11,,Phú Thọ,"Khu A, Chung cư Phú Thọ, P. 15, Q. 11, TP. HCM",pthomarketing@coopmart.vn,(028) 38 687 007,2,https://cooponline.vn//cnms/images/coopmart/cmphutho.jpg,7h30 - 22h,10.8282847,106.7203214,772,"['771', '772', '774', '775', '776']",,200000.0,False,True,False,,,
10,Co.opMart Khu Vực TPHCM,155,Co.opmart Nguyễn Đình Chiểu - Quận 3,,Nguyễn Đình Chiểu,"168 Nguyễn Đình Chiểu, P.Võ Thị Sáu, Q.3, TPHCM",ndcmarketing@coopmart.vn,(028) 39 306 055,2,https://cooponline.vn//cnms/images/coopmart/cmnguyendinhchieu.jpg,7h30 - 22h,10.8282847,106.7203214,770,"['770', '760', '773', '774', '771', '768', '765']",,200000.0,False,True,False,,,
11,Co.opMart Khu Vực TPHCM,157,Co.opmart Phú Lâm - Quận 6,,Phú Lâm,"06 Bà Hom (vòng xoay Phú Lâm), P.13, Q.6, TPHCM",plmarketing@coopmart.vn,(028) 37 514 798,2,https://cooponline.vn//cnms/images/coopmart/cmphulam.jpg,7h30 - 22h,10.8282847,106.7203214,775,"['775', '774', '772', '27436', '27439', '27445', '27448', '27451', '27454', '27457', '27460', '27463']",,200000.0,False,True,False,,,
12,Co.opMart Khu Vực TPHCM,158,Co.opmart Phan Văn Hớn - Quận 12,,Phan Văn Hớn,"102 Phan Văn Hớn, phường Tân Thới Nhất, Quận 12, TPHCM",cmtopazhomes-mkt@coopmart.vn,(028) 38 155 484,2,https://cooponline.vn//cnms/images/coopmart/cmphanvanhon.jpg,7h30 - 22h,10.8282847,106.7203214,761,"['26787', '26788', '26791', '26974', '27007', '27592']",,200000.0,False,True,False,,,
13,Co.opMart Khu Vực TPHCM,159,Co.opmart Huỳnh Tấn Phát - Quận 7,,Huỳnh Tấn Phát,"1362 Huỳnh Tấn Phát, Khu phố 1, P.Phú Mỹ, Quận 7, TPHCM",cmhuynhtanphat-mkt@coopmart.vn,(028) 3785 1515,2,https://cooponline.vn//cnms/images/coopmart/cmhuynhtanphat.jpg,7h30 - 22h,10.8282847,106.7203214,778,"['778', '773', '786']",,200000.0,False,True,False,,,
14,Co.opMart Khu Vực TPHCM,160,Co.opmart Nguyễn Kiệm - Phú Nhuận,,Nguyễn Kiệm,"571-573 Nguyễn Kiệm, P.9, Q.Phú Nhuận, TPHCM",nkmarketing@coopmart.vn,(028)  39 972 477,2,https://cooponline.vn//cnms/images/coopmart/cmnguyenkiem.jpg,7h30 - 22h,10.8282847,106.7203214,768,"['768', '767', '765']",,200000.0,False,True,False,,,
15,Co.opMart Khu Vực TPHCM,161,Co.opmart Xa Lộ Hà Nội - Quận 9,,Xa Lộ Hà Nội,"191 Quang Trung, P.Hiệp Phú, Q.9, TPHCM",xlhnmarketing@coopmart.vn,(028) 37 307 234,2,https://cooponline.vn//cnms/images/coopmart/cmxalohanoi.jpg,7h30 - 22h,10.8282847,106.7203214,763,,,200000.0,False,True,False,,,
16,Co.opMart Khu Vực TPHCM,162,Co.opmart Phan Văn Trị - Gò Vấp,,Phan Văn Trị,"543/1 Đường Phan Văn Trị, Phường 7, Quận Gò Vấp, TP.HCM",giaohangtannoipvt@gmail.com,(028) 38 946 859,2,https://cooponline.vn//cnms/images/coopmart/cmphanvantri.jpg,7h30 - 22h,10.8282847,106.7203214,764,,,200000.0,False,True,False,,,
17,Co.opMart Khu Vực TPHCM,175,Co.opmart Củ Chi - Củ Chi,,Củ Chi,"357 Quốc lộ 22, ấp Thượng, xã Tân Thông Hội, huyện Củ Chi, Tp HCM",ccmarketing@coopmart.vn,(028) 37 902 220,2,https://cooponline.vn//cnms/images/coopmart/cmcuchi.jpg,7h30 - 22h,10.8282847,106.7203214,783,,,200000.0,False,True,False,,,
18,Co.opMart Khu Vực TPHCM,178,Co.opmart Hòa Bình - Tân Phú,,Hòa Bình,"175 Hòa Bình, Phường Hiệp Tân, Quận Tân Phú, TP.HCM",hbmarketing@coopmart.vn,(028) 39 613 522,2,https://cooponline.vn//cnms/images/coopmart/cmbinhtan2.jpg,7h30 - 22h,10.8282847,106.7203214,767,,,200000.0,False,True,False,,,
19,Co.opMart Khu Vực TPHCM,180,Co.opmart Cần Giờ - Cần Giờ,,Cần Giờ,"128 Đường Đào Cử, Khu phố Phong Thạnh, Thị trấn Cần THạnh, Huyện Cần Giờ, TP.HCM",cgmarketing@coopmart.vn,(028) 37 861 727,2,https://cooponline.vn//cnms/images/coopmart/cmcangio.jpg,7h30 - 22h,10.8282847,106.7203214,787,,,200000.0,False,True,False,,,
20,Co.opMart Khu Vực TPHCM,186,Co.opmart Bình Triệu - Thủ Đức,,Bình Triệu,"Số 68/1 Quốc lộ 13, Phường Hiệp Bình Chánh, Quận Thủ Đức, TPHCM",btrieumarketing@coopmart.vn,(028) 3726 4006,2,https://cooponline.vn//cnms/images/coopmart/cmbinhtrieu.jpg,7h30 - 22h,10.8282847,106.7203214,762,,,,False,True,False,,,
21,Co.opMart Khu Vực TPHCM,196,Co.opmart Foodcosa - Gò Vấp,coopmart,Foodcosa,"304A Quang Trung, Phường 11, Quận Gò Vấp, TPHCM",qtrungmarketing@coopmart.vn,(028) 39 966 477,2,https://cooponline.vn//cnms/images/coopmart/cmfoodcosa.jpg,7h30 - 22h,10.8282847,106.7203214,764,,,200000.0,False,True,False,,,
22,Co.opMart Khu Vực TPHCM,505,Co.opmart Lý Thường Kiệt - Quận 10,,Lý Thường Kiệt,"497 Hòa Hảo, P.7, Q.10, TPHCM",ltkmarketing@coopmart.vn,(028) 39 572 856,2,https://cooponline.vn//cnms/images/coopmart/cmlythuongkiet.jpg,7h30 - 22h,10.8282847,106.7203214,771,,,200000.0,False,True,False,,,
23,Co.opMart Khu Vực TPHCM,506,Co.opmart Văn Thánh - Bình Thạnh,,Văn Thánh,"Tòa nhà Pearl Plaza, 561A Điện Biên Phủ, P.25, Quận Bình Thạnh",vanthanhmarketing@coopmart.vn,(028) 35 121 068,2,https://cooponline.vn//cnms/images/coopmart/cmvanthanh.jpg,7h30 - 22h,10.8282847,106.7203214,765,,,200000.0,False,True,False,,,
24,Co.opMart Khu Vực TPHCM,508,Co.opmart Nguyễn Bình - Nhà Bè,,Nguyễn Bình,"Số 18, đường Nguyễn Bình, Xã Phú Xuân, huyện Nhà Bè, TPHCM",cmnguyenbinh-mkt@coopmart.vn,(028) 37 770 669,2,https://cooponline.vn//cnms/images/coopmart/cmnguyenbinh.jpg,7h30 - 22h,10.8282847,106.7203214,786,,,200000.0,False,True,False,,,
25,Co.opMart Khu Vực TPHCM,509,Co.opmart Vĩnh Lộc B - Bình Chánh,,Vĩnh Lộc B,"Số 2 Khu tái định cư Vĩnh Lộc B, Đường số 8, Xã Vĩnh Lộc B, Huyện Bình Chánh, TPHCM",vlocmarketing@coopmart.vn,(028) 73 016 999,2,https://cooponline.vn//cnms/images/coopmart/cmvinhlocb.jpg,7h30 - 22h,10.8282847,106.7203214,785,,,200000.0,False,True,False,,,
26,Co.opMart Khu Vực TPHCM,510,Co.opmart Đỗ Văn Dậy - Hóc Môn,,Đỗ Văn Dậy,"Số 18, Đỗ Văn Dậy, Ấp Tân Thới 1, Hóc Môn, TP,HCM",dvdaymarketing@coopmart.vn,(028) 37 100 602,2,https://cooponline.vn//cnms/images/coopmart/cmdovanday.jpg,7h30 - 22h,10.8282847,106.7203214,784,,,200000.0,False,True,False,,,
27,Co.opMart Khu Vực TPHCM,511,Co.opmart Hiệp Thành - Quận 12,,Hiệp Thành,"276 Nguyễn Ảnh Thủ, Phường Hiệp Thành, Quận 12, TPHCM",hthanhmarketing@coopmart.vn,(028) 37 172 227,2,https://cooponline.vn//cnms/images/coopmart/cmhiepthanh.jpg,7h30 - 22h,10.8282847,106.7203214,761,,,200000.0,False,True,False,,,
28,Co.opMart Khu Vực TPHCM,524,Co.opmart Đồng Văn Cống - Quận 2,,Đồng Văn Cống,"Số 125 Đồng Văn Cống, Phường Thạnh Mỹ Lợi, Quận 2, TPHCM",cmdongvancong-mkt@coopmart.vn,(028) 374 22 350,2,https://cooponline.vn//cnms/images/coopmart/cmdongvancong.jpg,7h30 - 22h,10.8282847,106.7203214,769,,,200000.0,False,True,False,,,
29,Co.opMart Khu Vực TPHCM,530,Co.opmart Chu Văn An - Bình Thạnh,,Chu Văn An,"	241A Chu Văn An, Phường 12, Quận Bình Thạnh, TP.HCM",cmchuvanan-mkt@coopmart.vn,(028) 351 66 800,2,https://cooponline.vn//cnms/images/coopmart/cmchuvanan.jpg,7h30 - 22h,10.8282847,106.7203214,765,,,200000.0,False,True,False,,,
30,Co.opMart Khu Vực TPHCM,541,Co.opmart Bình Tân 2 - Bình Tân,,Bình Tân 2,"819 Đường Hương Lộ 2, Phường Bình Trị Đông, Quận Bình Tân, TPHCM",cmsghomes-mkt@coopmart.vn,(028) 36 229 801,2,https://cooponline.vn//cnms/images/coopmart/cmbinhtan2.jpg,7h30 - 22h,10.8282847,106.7203214,777,,,200000.0,False,True,False,,,
31,Co.opMart Khu Vực TPHCM,556,Co.opmart Tô Ký - Quận 12,,Tô Ký,"Số 557, đường Tô Ký, phường Trung Mỹ Tây, Quận 12, TPHCM",cmtoky_mkt@coopmart.vn,(028) 36 222 611,2,https://cooponline.vn//cnms/images/coopmart/cmtoky.jpg,7h30 - 22h,10.8282847,106.7203214,761,,,200000.0,False,True,False,,,
32,Co.opMart Khu Vực TPHCM,565,Co.opmart Tam Bình - Thủ Đức,,Tam Bình,"Chung cư Sài Gòn Avenue, Đường số 4, khu phố 4, Phường Tam Bình, Quận Thủ Đức, TP.HCM",cmtambinh-mkt@coopmart.vn,(028) 36 221 348,2,https://cooponline.vn//cnms/images/coopmart/cmtambinh.jpg,7h30 - 22h,10.8282847,106.7203214,762,,,200000.0,False,True,False,,,
33,Co.opMart Khu Vực TPHCM,570,Co.opmart Thắng Lợi - Tân Phú,,Thắng Lợi,"	02 Trường Chinh, P.Tây Thạnh, Q.Tân Phú, TPHCM",cmthangloi-marketing@coopmart.vn,(028) 36227600,2,https://cooponline.vn//cnms/images/coopmart/cmthangloi.jpg,7h30 - 22h,10.8282847,106.7203214,767,,,200000.0,False,True,False,,,
34,Co.opMart Khu Vực TPHCM,549,Co.opmart SCA Hoàng Văn Thụ - Tân Bình,,SCA H.Văn Thụ,"431A Hoàng Văn Thụ, Phường 4, Quận Tân Bình",cahoangvanthu-mkt@coopmart.vn,(028) 36 228 100,2,https://cooponline.vn//cnms/images/coopmart/sca.jpg,7h30 - 22h,10.8282847,106.7203214,766,,,200000.0,False,True,False,,,
35,Co.opMart Khu Vực TPHCM,560,Co.opmart SCA Phạm Văn Chiêu - Gò Vấp,,SCA P.Văn Chiêu,"Tầng trệt, khu căn hộ I-Home, số 359 Phạm Văn Chiêu, P.14, Q. Gò Vấp, Tp.HCM",caphamvanchieu-mkt@coopmart.vn,(028) 36 221 300,2,https://cooponline.vn//cnms/images/coopmart/sca.jpg,7h30 - 22h,10.8282847,106.7203214,764,,,200000.0,False,True,False,,,
36,Co.opMart Khu Vực TPHCM,559,Co.opmart SCA Âu Cơ - Tân Bình,,SCA Âu Cơ,"856 Âu Cơ, P.13, Quận Tân Bình",caauco-mkt@coopmart.vn,(028) 3622.8198,2,https://cooponline.vn//cnms/images/coopmart/sca.jpg,7h30 - 22h,10.8282847,106.7203214,766,,,200000.0,False,True,False,,,
37,Co.opMart Khu Vực TPHCM,561,Co.opmart SCA Cao Thắng - Quận 10,,SCA Cao Thắng,"181 Cao Thắng (Nối dài), P.12, Quận 10",cacaothang-mkt@coopmart.vn,(028) 36 221 251,2,https://cooponline.vn//cnms/images/coopmart/sca.jpg,7h30 - 22h,10.8282847,106.7203214,771,,,200000.0,False,True,False,,,
0,Co.opMart Khu Vực Miền Trung,112,Co.opmart Quy Nhơn- Bình Định,,Quy Nhơn,"07 Lê Duẩn, P.Lý Thường Kiệt, Tp.Qui Nhơn - Bình Định",qnhonmarketing@coopmart.vn,(0256) 3521 321,3,https://cooponline.vn//cnms/images/coopmart/cmquynhon.jpg,7h30 - 22h,10.8282847,106.7203214,764,,,,False,True,False,,,
1,Co.opMart Khu Vực Miền Trung,122,Co.opmart Tuy Hòa - Phú Yên,,Tuy Hòa,"Ô phố B8, Khu dân dụng Duy Tân, P.4, Tp.Tuy Hoà - Phú Yên",pymarketing@coopmart.vn,(0257) 3818 171,3,https://cooponline.vn//cnms/images/coopmart/cmtuyhoa.jpg,7h30 - 22h,10.8282847,106.7203214,764,,,,False,True,False,,,
2,Co.opMart Khu Vực Miền Trung,128,Co.opmart Đà Nẵng - Đà Nẵng,,Đà Nẵng,"478 Điện Biên Phủ, Q. Thanh Khê, TP. Đà Nẵng",dnmarketing@coopmart.vn,(0236) 3771 888,3,https://cooponline.vn//cnms/images/coopmart/cmdanang.jpg,7h30 - 22h,10.8282847,106.7203214,765,,,200000.0,False,True,False,,,
3,Co.opMart Khu Vực Miền Trung,547,Co.opmart Sơn Trà - Đà Nẵng,,Sơn Trà,"Lô C2, KCN dịch vụ thủy sản Đà Nẵng, Đ.Bình Than, P.Nại Hiên Đông, Q.Sơn Trà, TP. Đà Nẵng",cmsontra-mkt@coopmart.vn,(0236) 3 925 333,3,https://cooponline.vn//cnms/images/coopmart/cmsontra.jpg,7h30 - 22h,10.8282847,106.7203214,765,,,300000.0,False,True,False,,,
4,Co.opMart Khu Vực Miền Trung,145,Co.opmart Quảng Ngãi - Quảng Ngãi,,Quảng Ngãi,"242 Nguyễn Nghiêm, Tổ 6, Phường Nguyễn Nghiêm, Tp. Quảng Ngãi, Tỉnh Quảng Ngãi",qnmarketing@coopmart.vn,(0255) 372 5555,3,https://cooponline.vn//cnms/images/coopmart/cmquangngai.jpg,7h30 - 22h,10.8282847,106.7203214,765,,,,False,True,False,,,
5,Co.opMart Khu Vực Miền Trung,521,Co.opmart Đức Phổ - Quảng Ngãi,,Đức Phổ,"Đường Nguyễn Nghiêm, thôn Vĩnh Bình, xã Phổ Ninh, huyện Đức Phổ, tỉnh Quảng Ngãi",ducphomarketing@coopmart.vn,(0255) 3888 675,3,https://cooponline.vn//cnms/images/coopmart/cmducpho.jpg,7h30 - 22h,10.8282847,106.7203214,765,,,,False,True,False,,,
6,Co.opMart Khu Vực Miền Trung,137,Co.opmart Huế,,Huế,"06 Trần Hưng đạo, P.Phú Hòa, TP.Huế",huemarketing@coopmart.vn,(0234) 3588 555,3,https://cooponline.vn//cnms/images/coopmart/cmhue.jpg,7h30 - 22h,10.8282847,106.7203214,764,,,200000.0,False,True,False,,,
7,Co.opMart Khu Vực Miền Trung,512,Co.opmart Quảng Bình,,Quảng Bình,"Khu đô thị phía Bắc đường Lê Lợi, phường Đồng Phú, thành phố Đồng Hới, tỉnh Quảng Bình",quangbinhmarketing@coopmart.vn,(0232) 3897 999,3,https://cooponline.vn//cnms/images/coopmart/cmquangbinh.jpg,7h30 - 22h,10.8282847,106.7203214,764,,,,False,True,False,,,
8,Co.opMart Khu Vực Miền Trung,132,Co.opmart Tam Kỳ - Quảng Nam,,Tam Kỳ,"07 Phan Chu Trinh, P.Phước Hoà, Tx.Tam Kỳ - Quảng Nam",tkmarketing@coopmart.vn,(0235) 2220 230,3,https://cooponline.vn//cnms/images/coopmart/cmtamky.jpg,7h30 - 22h,10.8282847,106.7203214,764,,,,False,True,False,,,
9,Co.opMart Khu Vực Miền Trung,140,Co.opmart Nha Trang - Khánh Hòa,,Nha Trang,"02 Đường Lê Hồng Phong, Phường Phước Hải, Thành phố Nha Trang, Tỉnh Khánh Hòa",cmnhatrang-mkt@coopmart.vn,(0258) 3 875 777,3,https://cooponline.vn//cnms/images/coopmart/cmnhatrang.jpg,7h30 - 22h,10.8282847,106.7203214,568,['568'],,200000.0,False,True,False,,,
10,Co.opMart Khu Vực Miền Trung,167,Co.opmart Đông Hà - Quảng Trị,,Đông Hà,"Số 02 Trần Hưng Đạo, Thành phố Đông Hà, tỉnh Quảng Trị",qtmarketing@coopmart.vn,(0233) 3666 996,3,https://cooponline.vn//cnms/images/coopmart/cmdongha.jpg,7h30 - 22h,10.8282847,106.7203214,764,,,,False,True,False,,,
11,Co.opMart Khu Vực Miền Trung,501,Co.opmart An Nhơn,,An Nhơn,"Khu trung tâm TM Hoàng Vũ Plaza, Quốc lộ 1A, Thị xã An Nhơn, Tỉnh Bình Định",annhonmarketing@coopmart.vn,(0256) 3 635 677,3,https://cooponline.vn//cnms/images/coopmart/cmannhon.jpg,7h30 - 22h,10.8282847,106.7203214,764,,,,False,True,False,,,
12,Co.opMart Khu Vực Miền Trung,148,Co.opmart Thanh Hà - Phan Rang,,Thanh Hà,97 Trần Phú - F.Phủ Hà - TP.Phan Rang - Tháp Chàm,thmarketing@coopmart.vn,0259.382 6611,3,https://cooponline.vn//cnms/images/coopmart/cmthanhha.jpg,7h30 - 22h,10.8282847,106.7203214,764,,,,False,True,False,,,
13,Co.opMart Khu Vực Miền Trung,174,"Co.opmart Cam Ranh, Khánh Hòa",,Cam Ranh,"2038 Hùng Vương, Phường Cam Lộc, Thành Phố Cam Ranh, Tỉnh Khánh Hòa",crmarketing@coopmart.vn,0258 3 950 000,3,https://cooponline.vn//cnms/images/coopmart/cmcamranh.jpg,7h30 - 22h,10.8282847,106.7203214,764,,,,False,True,False,,,
0,Co.opMart Khu Vực Miền Tây,114,Co.opmart Mỹ Tho - Tiền Giang,,Mỹ Tho,"35 Ấp Bắc, P.5, TP Mỹ Tho - Tiền Giang",mtmarketing@coopmart.vn,(0273) 3867 314,4,https://cooponline.vn//cnms/images/coopmart/cmmytho.jpg,7h30 - 22h,10.8282847,106.7203214,765,,,,False,True,False,,,
1,Co.opMart Khu Vực Miền Tây,119,Co.opmart Long Xuyên - An Giang,,Long Xuyên,"12 Nguyễn Huệ A, P.Mỹ Long, TP. Long Xuyên - An Giang",lxmarketing@coopmart.vn,(0296) 3940 002,4,https://cooponline.vn//cnms/images/coopmart/cmhiepthanh.jpg,7h30 - 22h,10.8282847,106.7203214,765,,,300000.0,False,True,False,,,
2,Co.opMart Khu Vực Miền Tây,532,Co.opmart Cai Lậy - Tiền Giang,,Cai Lậy,"Khu phố 2, Đường 30/4, Phường 1, Thị xã Cai Lậy, Tỉnh Tiền Giang",cmcailay-mkt@coopmart.vn,(0273) 3813 748 - (0273) 3813 749 - 0911 863 543,4,https://cooponline.vn//cnms/images/coopmart/cmcailay.jpg,7h30 - 22h,,,765,,,,False,True,False,,,
3,Co.opMart Khu Vực Miền Tây,533,Co.opmart Hồng Ngự - Đồng Tháp,,Hồng Ngự,"Khu nhà cao ốc KII, Phường An Thạnh, Thị xã Hồng Ngự, Tỉnh Đồng Tháp",cmhongngu-mkt@coopmart.vn,(0277) 3651 987,4,https://cooponline.vn//cnms/images/coopmart/cmhongngu.jpg,7h30 - 22h,,,765,,,,False,True,False,,,
4,Co.opMart Khu Vực Miền Tây,199,Co.opmart Bến Tre,,Bến Tre,"26A Trần Quốc Tuấn, P.4, TX.Bến Tre, tỉnh Bến Tre",btremarketing@coopmart.vn,(075) 3.511.322,4,https://cooponline.vn//cnms/images/coopmart/cmbentre.jpg,7h30 - 17h,,,765,,,,False,True,False,,,
5,Co.opMart Khu Vực Miền Tây,170,Co.opmart Trà Vinh,,Trà Vinh,"Đường Nguyễn Đáng, Khóm 3, Phường 6, Thành phố Trà Vinh, Tỉnh Trà Vinh",tvmarketing@coopmart.vn,(0294) 374 0707,4,https://cooponline.vn//cnms/images/coopmart/cmtravinh.jpg,7h30 - 22h,,,842,"['842', '831']",,200000.0,False,True,False,,,
6,Co.opMart Khu Vực Miền Tây,518,Co.opmart Gò Công - Tiền Giang,,Gò Công,"Đường Trần Công Tường, khu phố 2, phường 5, thị xã Gò Công, tỉnh Tiền Giang",cmgocong-marketing@coopmart.vn,(0273) 3841 188,4,https://cooponline.vn//cnms/images/coopmart/cmgocong.jpg,7h30 - 22h,,,765,,,200000.0,False,True,False,,,
7,Co.opMart Khu Vực Miền Tây,545,Co.opmart Tiểu Cần - Trà Vinh,,Tiểu Cần,"Khóm 2, thị trấn Tiểu Cần, huyện Tiểu Cần, Tỉnh Trà Vinh",cmtieucan-mkt@coopmart.vn,(0294) 3900 001,4,https://cooponline.vn//cnms/images/coopmart/cmtieucan.jpg,7h30 - 22h,,,765,,,,False,True,False,,,
8,Co.opMart Khu Vực Miền Tây,514,Co.opmart Tân An - Long An,,Tân An,"01 Mai Thị Tốt, P. 2, TP Tân An, Tỉnh Long An",lamarketing@coopmart.vn,(0272) 3526 887,4,https://cooponline.vn//cnms/images/coopmart/cmlongan.jpg,7h30 - 22h,,,794,['794'],,,False,True,False,,,
9,Co.opMart Khu Vực Miền Tây,184,Co.opmart Rạch Giá,,Rạch Giá,"Khu trung tâm Thương mại Tổng hợp 16ha, P.Vĩnh Thanh Vân, TP. Rạch Giá, Tỉnh Kiên Giang",rgmarketing@coopmart.vn,(0297) 3947 888,4,https://cooponline.vn//cnms/images/coopmart/cmrachgia.jpg,7h30 - 22h,10.8282847,106.7203214,899,['899'],,,False,True,False,False,,
10,Co.opMart Khu Vực Miền Tây,144,Co.opmart Kiên Giang,,Kiên Giang,"1332 Nguyễn Trung Trực, P. An Bình, TP Rạch Giá, tỉnh Kiên Giang",kgmarketing@coopmart.vn,(0297) 3769 999,4,https://cooponline.vn//cnms/images/coopmart/logo-cm.jpg,7h30 - 22h,10.8282847,106.7203214,899,['899'],,,False,True,False,False,,
11,Co.opMart Khu Vực Miền Tây,531,Co.opmart Hà Tiên,,Hà Tiên,"Khu phố 2, đường Mạc Công Du, phường Đông Hồ, thị xã Hà Tiên, tỉnh Kiên Giang",cmhatien-mkt@coopmart.vn,(0297) 3957 939,4,https://cooponline.vn//cnms/images/coopmart/cmhatien.jpg,7h30 - 22h,10.8282847,106.7203214,900,['900'],,,False,True,False,False,,
12,Co.opMart Khu Vực Miền Tây,542,Co.opmart Bình Thủy,,Bình Thủy,"35-37 Cách Mạng Tháng Tám, phường An Thới, quận Bình Thủy, TP.Cần Thơ",cmbinhthuy-mkt@coopmart.vn,(0292)3907 008,4,https://cooponline.vn//cnms/images/coopmart/cmbinhthuy.jpg,7h30 - 22h,10.8282847,106.7203214,918,"['918', '916', '917', '919', '923']",,,False,True,False,False,,
13,Co.opMart Khu Vực Miền Tây,187,Co.opmart Cần Thơ,,Cần Thơ,"TTTM SC Cần Thơ - số 1 Đại lộ Hòa Bình, P. Tân An, Q.Ninh Kiều, TP.Cần Thơ",ctmarketing@coopmart.vn,(0292) 3763 585 - (0292) 3763 586,4,https://cooponline.vn//cnms/images/coopmart/cmcantho.jpg,7h30 - 22h,10.8282847,106.7203214,916,"['916', '917', '918', '919', '923']",,,False,True,False,False,,
14,Co.opMart Khu Vực Miền Tây,519,Co.opmart Thốt Nốt,,Thốt Nốt,"Quốc lộ 91, khu vực Phụng Thạnh 1, phường Thốt Nốt, Quận Thốt Nốt, TP. Cần Thơ",thotnotmarketing@coopmart.vn,(0292) 385 1077,4,https://cooponline.vn//cnms/images/coopmart/cmthotnot.jpg,7h30 - 22h,10.8282847,106.7203214,923,['923'],,200000.0,False,True,False,False,,
15,Co.opMart Khu Vực Miền Tây,522,Co.opmart Cà Mau,,Cà Mau,"Số 9 Trần Hưng Đạo, Phường 5, TP Cà Mau, Tỉnh Cà Mau",cmaumarketing@coopmart.vn,(0290) 3583 333,4,https://cooponline.vn//cnms/images/coopmart/cmcamau.jpg,7h30 - 22h,10.8282847,106.7203214,964,['964'],,,False,True,False,False,,
16,Co.opMart Khu Vực Miền Tây,171,Co.opmart Ngã Bảy Hậu Giang,,Ngã Bảy,"Khu vực 3, Phường Ngã Bảy, Thị xã Ngã Bảy, Tỉnh Hậu Giang",nbmarketing@coopmart.vn,(0293) 3962 900,4,https://cooponline.vn//cnms/images/coopmart/cmngabay.jpg,7h30 - 22h,10.8282847,106.7203214,931,['931'],,400000.0,False,True,False,False,,
17,Co.opMart Khu Vực Miền Tây,121,Co.opmart Vị Thanh,,Vị Thanh,"319 Trần Hưng Đạo, P.1, TP Vị Thanh, Hậu Giang",vtmarketing@coopmart.vn,,4,https://cooponline.vn//cnms/images/coopmart/cmvithanh.jpg,7h30 - 22h,10.8282847,106.7203214,930,"['930', '931']",,,False,True,False,False,,
18,Co.opMart Khu Vực Miền Tây,147,Co.opmart Sóc Trăng,,Sóc Trăng,Số 6 Hùng Vương - P.6 - TP. Sóc Trăng,stgmarketing@coopmart.vn,(0299) 3640 132,4,https://cooponline.vn//cnms/images/coopmart/logo-cm.jpg,7h30 - 22h,10.8282847,106.7203214,941,['941'],,200000.0,False,True,False,False,,
19,Co.opMart Khu Vực Miền Tây,562,Co.opmart Thoại Sơn,,Thoại Sơn,"Ấp Bắc Sơn, đường tránh tỉnh lộ 943, Thị Trấn Núi Sập , huyện Thoại Sơn, Tỉnh An Giang",cmthoaison-mkt@coopmart.vn,(0283) 6221 331,4,https://cooponline.vn//cnms/images/coopmart/cmthoaison.jpg,7h30 - 22h,10.8282847,106.7203214,894,['894'],,,False,True,False,False,,
20,Co.opMart Khu Vực Miền Tây,520,Co.opmart Châu Đốc,,Châu Đốc,"Tổ 21, khóm Châu Quới 3, phường Châu Phú B, thành phố Châu Đốc, tỉnh An Giang",cmchaudoc-mkt@coopmart.vn,(0296) 3566 909,4,https://cooponline.vn//cnms/images/coopmart/logo-cm.jpg,7h30 - 22h,10.8282847,106.7203214,884,['884'],,,False,True,False,False,,
21,Co.opMart Khu Vực Miền Tây,535,Co.opmart Tân Châu - An Giang,,Tân Châu,"Nguyễn Du, khu tái định cư, khóm Long Thạnh D, Phường Long Thạnh, Thị xã Tân Châu, Tỉnh An Giang",cmtanchauag-mkt@coopmart.vn,(0296) 3596 400,4,https://cooponline.vn//cnms/images/coopmart/cmtanchauangiang.jpg,7h30 - 22h,10.8282847,106.7203214,887,['887'],,,False,True,False,False,,
22,Co.opMart Khu Vực Miền Tây,142,Co.opmart Bạc Liêu,,Bạc Liêu,"Số 7, Đường Trần Huỳnh, Phường 7, Thành phố Bạc Liêu, Tỉnh Bạc Liêu",blieumarketing@coopmart.vn,(0291) 3719 999,4,https://cooponline.vn//cnms/images/coopmart/cmbaclieu.jpg,7h30 - 22h,10.8282847,106.7203214,954,['954'],,,False,True,False,False,,
23,Co.opMart Khu Vực Miền Tây,120,Co.opmart Vĩnh Long,,Vĩnh Long,"Số 26 đường 3/2, P1, Tx.Vĩnh Long",vlmarketing@coopmart.vn,(0270) 3836 722,4,https://cooponline.vn//cnms/images/coopmart/logo-cm.jpg,7h30 - 17h,,,855,['855'],,,False,True,False,,,
24,Co.opMart Khu Vực Miền Tây,540,Co.opmart Cần Giuộc,,Cần Giuộc,"Ấp Thanh Ba, xã Mỹ Lộc, huyện Cần Giuộc, tỉnh Long An",cmcangiuoc-mkt@coopmart.vn,(0272) 3900 910,4,https://cooponline.vn//cnms/images/coopmart/logo-cm.jpg,7h30 - 17h,,,807,['807'],,,False,True,False,,,
25,Co.opMart Khu Vực Miền Tây,513,Co.opmart Bến Lức,,Bến Lức,"Số 61 Đường Quốc lộ 1A, khu phố 4, thị trấn Bến Lức, huyện Bến Lức, tỉnh Long An",benlucmarketing@coopmart.vn,(0272) 3630 998,4,https://cooponline.vn//cnms/images/coopmart/logo-cm.jpg,7h30 - 17h,,,803,['803'],,,False,True,False,,,
26,Co.opMart Khu Vực Miền Tây,517,Co.opmart Sa Đéc,,Sa Đéc,"Đường Nguyễn Sinh Sắc, Khóm 2, Phường 2, TP. Sa Đéc, Tỉnh Đồng Tháp",sadecmarketing@coopmart.vn,(0277) 3889 388 - (0277) 3886 388,4,https://cooponline.vn//cnms/images/coopmart/logo-cm.jpg,7h30 - 17h,,,867,"['867', '877', '876']",,,False,True,False,,,
27,Co.opMart Khu Vực Miền Tây,536,Co.opmart Duyên Hải - Trà Vinh,,Duyên Hải,"Đường Lý Thường Kiệt, Khóm 1, phường 1, thị xã Duyên Hải, tỉnh Trà Vinh",cmduyenhai-mkt@coopmart.vn,(0294) 383 2929,4,https://cooponline.vn//cnms/images/coopmart/logo-cm.jpg,7h30 - 17h,,,851,"['850', '851']",,,False,True,False,,,
28,Co.opMart Khu Vực Miền Tây,569,Co.opmart Tháp Mười,,Tháp Mười,"Vòng xoay Ngã tư Mỹ An, Đường Hùng Vương, Thị Trấn Mỹ An, Huyện Tháp Mười, Đồng Tháp",cmthapmuoi-mkt@coopmart.vn,02773 663399,4,https://cooponline.vn//cnms/images/coopmart/logo-cm.jpg,7h30 - 17h,,,872,['872'],,,False,True,False,,,
29,Co.opMart Khu Vực Miền Tây,197,Co.opmart Cao Lãnh,,Cao Lãnh,"Số 01 Ngô Thời Nhậm, Phường 1, TP. Cao Lãnh, Tỉnh Đồng Tháp",clmarketing@coopmart.vn,(0277) 3535 455,4,https://cooponline.vn//cnms/images/coopmart/logo-cm.jpg,7h30 - 17h,,,866,"['866', '873']",,,False,True,False,,,
0,Co.opMart Khu Vực Miền Bắc,150,Co.opmart Hà Tĩnh,,Hà Tĩnh,"2 Phan Đình Phùng, TP. Hà Tĩnh, Tỉnh Hà Tĩnh",htmarketing@coopmart.vn,(0239) 3896 555,5,https://cooponline.vn//cnms/images/coopmart/cmhatinh.jpg,7h30 - 22h,10.8282847,106.7203214,436,['436'],,,False,True,False,,,
1,Co.opMart Khu Vực Miền Bắc,164,"Co.opmart Sài Gòn, TP. Hà Nội",,Sài Gòn - HN,"Km số 10, Đường Nguyễn Trãi, P. Mộ Lao, Q. Hà Đông , Hà Nội",hnmarketing@coopmart.vn,(024) 6282 6888,5,https://cooponline.vn//cnms/images/coopmart/cmsaigon.jpg,7h30 - 22h,10.8282847,106.7203214,268,"['009', '268', '019']",,,False,True,False,,,
2,Co.opMart Khu Vực Miền Bắc,183,Co.opmart Hải Phòng,,Hải Phòng,"Số 1 Lê Hồng Phong, Phường Lạc Viên, Quận Ngô Quyền, TP Hải Phòng (Ngã 5 Cát Bi)",hpmarketing@coopmart.vn,(0225) 833 789,5,https://cooponline.vn//cnms/images/coopmart/cmhaiphong.jpg,7h30 - 22h,10.8282847,106.7203214,304,['304'],,,False,True,False,,,
3,Co.opMart Khu Vực Miền Bắc,185,Co.opmart Thanh Hóa,,Thanh Hóa,"Trung tâm Thương mại Hiền Đức, Đường Phan Chu Trinh, P.Điện Biên, Tp.Thanh Hóa, Tỉnh Thanh Hóa",thoamarketing@coopmart.vn,(0237) 8999 333,5,https://cooponline.vn//cnms/images/coopmart/cmthanhhoa.jpg,7h30 - 22h,10.8282847,106.7203214,380,['380'],,,False,True,False,,,
4,Co.opMart Khu Vực Miền Bắc,555,Co.opmart SCA Long Biên,,SCA Long Biên,"Tầng 2, Trung tâm Thương mại Mipec Riverside, Số 2 Long Biên 2, Ngọc Lâm, Long Biên, Hà Nội",calongbien-mkt@coopmart.vn ,,5,https://cooponline.vn//cnms/images/coopmart/logo-cm.jpg,7h30 - 22h,10.8282847,106.7203214,004,['004'],,,False,True,False,,,
5,Co.opMart Khu Vực Miền Bắc,502,Co.opmart Bắc Giang,,Bắc Giang,"51 Nguyễn Văn Cừ, Phường Ngô Quyền, TP. Bắc Giang, Tỉnh Bắc Giang",bacgiangmarketing@coopmart.vn,,5,https://cooponline.vn//cnms/images/coopmart/logo-cm.jpg,7h30 - 22h,10.8282847,106.7203214,213,['213'],,,False,True,False,False,,
6,Co.opMart Khu Vực Miền Bắc,525,Co.opmart Nam Định,,Nam Định,"91 Phố Điện Biên, Phường Cửa Bắc, Thành phố Nam Định, Tỉnh Nam Định (Tầng 2 Tòa nhà Nam Định Tower)",cmnamdinh-mkt@coopmart.vn,,5,https://cooponline.vn//cnms/images/coopmart/logo-cm.jpg,7h30 - 22h,10.8282847,106.7203214,356,['356'],,,False,True,False,False,,
7,Co.opMart Khu Vực Miền Bắc,552,Co.opmart SCA Victoria,,SCA Victoria,"Tầng trệt toà V2-V3 Victoria Văn Phú-CT9, Phường Phú La, Quận Hà Đông, Tp.Hà Nội.",cavictoria-mkt@coopmart.vn,,5,https://cooponline.vn//cnms/images/coopmart/sca-victoria.jpg,7h30 - 22h,10.8282847,106.7203214,268,['268'],,,False,True,False,False,,
8,Co.opMart Khu Vực Miền Bắc,179,Co.opmart Vĩnh Phúc,,Vĩnh Phúc,"Tòa nhà Trung tâm Thương Mại SOIVA Plaza, Đường Mê Linh, P.Khai Quang, TP. Vĩnh Yên, Tỉnh Vĩnh Phúc",vpmarketing@coopmart.vn,,5,https://cooponline.vn//cnms/images/coopmart/cm-vinhphuc.jpg,7h30 - 22h,10.8282847,106.7203214,243,['243'],,,False,True,False,False,,
9,Co.opMart Khu Vực Miền Bắc,537,Co.opmart Việt Trì,,Việt Trì,"Số 1606A đường Hùng Vương, phường Gia Cẩm, thành phố Việt Trì, tỉnh Phú Thọ",cmviettri-mkt@coopmart.vn,(0210) 399 2222,5,https://cooponline.vn//cnms/images/coopmart/logo-cm.jpg,7h30 - 22h,10.8282847,106.7203214,227,['227'],,,False,True,False,False,,
10,Co.opMart Khu Vực Miền Bắc,554,Co.opmart SCA GoldenSilk,,SCA GoldenSilk,"Tầng hầm Tòa tháp C, Khu đô thị mới Kim Văn Kim Lũ, Phường Đại Kim, Quận Hoàng Mai, Tp.Hà Nội",cavinaconex-mktcoopmart.vn,(024) 32022130,5,https://cooponline.vn//cnms/images/coopmart/logo-cm.jpg,7h30 - 22h,10.8282847,106.7203214,008,['008'],,,False,True,False,False,,
11,Co.opMart Khu Vực Miền Bắc,553,Co.opmart SCA GoldSilk,,SCA GoldSilk,"Tầng trệt Khu phức hợp thương mại nhà ở Goldsilk, Số 430 Phố Cầu Am,Phường Vạn Phúc, Quận Hà Đông",cagoldsilk-mkt@coopmart.vn,,5,https://cooponline.vn//cnms/images/coopmart/logo-cm.jpg,7h30 - 22h,10.8282847,106.7203214,268,['268'],,,False,True,False,False,,
0,Co.opMart Khu Vực Đ.Nam Bộ,516,Co.opmart Bình Dương,,Bình Dương,"Đường 30 tháng 4, phường Chánh Nghĩa, Thành phố Thủ Dầu Một, Tỉnh Bình Dương",bdmarketing@coopmart.vn,(0274) 38 18 667,6,https://cooponline.vn//cnms/images/coopmart/logo-cm.jpg,7h30 - 22h,10.8282847,106.7203214,718,,,300000.0,False,True,False,False,,
1,Co.opMart Khu Vực Đ.Nam Bộ,503,Co.opmart Bình Dương 2,,Bình Dương 2,"Trung tâm Thương Mại Bình Dương Square - Số 1 Phú Lợi, P. Phú Hòa, TP. Thủ Dầu Một, Tỉnh Bình Dương",bd2marketing@coopmart.vn,(0274) 6259 779,6,https://cooponline.vn//cnms/images/coopmart/logo-cm.jpg,7h30 - 22h,10.8282847,106.7203214,718,['718'],,,False,True,False,False,,
2,Co.opMart Khu Vực Đ.Nam Bộ,124,Co.opmart Biên Hoà,,Biên Hoà,"121 Quốc lộ 15, P.Tân Tiến, Tp.Biên Hoà - Đồng Nai",bhmarketing@coopmart.vn,(0251) 3949 992,6,https://cooponline.vn//cnms/images/coopmart/logo-cm.jpg,7h30 - 22h,10.8282847,106.7203214,731,['731'],,,False,True,False,False,,
3,Co.opMart Khu Vực Đ.Nam Bộ,131,Co.opmart Vũng Tàu ,,Vũng Tàu,"36 Nguyễn Thái Học, P.7, TP.Vũng Tàu",vtaumarketing@coopmart.vn,(0254) 3576 200,6,https://cooponline.vn//cnms/images/coopmart/logo-cm.jpg,7h30 - 22h,10.8282847,106.7203214,747,['747'],,,False,True,False,False,,
4,Co.opMart Khu Vực Đ.Nam Bộ,118,Co.opmart Phan Thiết,,Phan Thiết,"1A Nguyễn Tất Thành, P.Bình Hưng, Tp.Phan Thiết - Bình Thuận",ptmarketing@coopmart.vn,(0252) 3835 440,6,https://cooponline.vn//cnms/images/coopmart/logo-cm.jpg,7h30 - 22h,10.8282847,106.7203214,593,['593'],,,False,True,False,False,,
5,Co.opMart Khu Vực Đ.Nam Bộ,176,Co.opmart Tây Ninh,,Tây Ninh,"576 Cách Mạng Tháng 8, Phường 3, Thành Phố Tây Ninh, Tỉnh Tây Ninh",tnmarketing@coopmart.vn,(0276) 3922 339,6,https://cooponline.vn//cnms/images/coopmart/logo-cm.jpg,7h30 - 22h,10.8282847,106.7203214,703,['703'],,,False,True,False,False,,
6,Co.opMart Khu Vực Đ.Nam Bộ,543,Co.opmart Châu Thành - TN,,Châu Thành - TN,"Đường 781, khu phố 3, thị trấn Châu Thành, huyện Châu Thành, tỉnh Tây Ninh",cmchauthanh-mkt@coopmart.vn,(0276) 3 887799,6,https://cooponline.vn//cnms/images/coopmart/logo-cm.jpg,7h30 - 22h,10.8282847,106.7203214,708,['708'],,,False,True,False,False,,
7,Co.opMart Khu Vực Đ.Nam Bộ,529,Co.opmart Tân Thành,,Tân Thành,"Quốc lộ 51, Tổ 12 Khu phố Tân Phú, Thị trấn Phú Mỹ, Huyện Tân Thành, Tỉnh Bà Rịa - Vũng Tàu",cmtanthanh-mkt@coopmart.vn,(0254) 3924 611,6,https://cooponline.vn//cnms/images/coopmart/logo-cm.jpg,7h30 - 17h,,,754,['754'],,,False,True,False,,,
8,Co.opMart Khu Vực Đ.Nam Bộ,515,Co.opmart Bà Rịa,,Bà Rịa,"Phường Phước Trung, TX. Bà Rịa, Tỉnh Bà Rịa - Vũng Tàu",brmarketing@coopmart.vn,(0254) 3739 359,6,https://cooponline.vn//cnms/images/coopmart/logo-cm.jpg,7h30 - 17h,,,748,['748'],,,False,True,False,,,
9,Co.opMart Khu Vực Đ.Nam Bộ,127,Co.opmart Đồng Xoài,,Đồng Xoài,"TTTM Đồng Xoài, Phú Riềng Đỏ, P. Tân Bình, TX. Đồng Xoài – Tỉnh Bình Phước",bpmarketing@coopmart.vn,(0271) 3865 555,6,https://cooponline.vn//cnms/images/coopmart/logo-cm.jpg,7h30 - 17h,,,689,['689'],,,False,True,False,,,
10,Co.opMart Khu Vực Đ.Nam Bộ,546,Co.opmart Đồng Phú,,Đồng Phú,"Đường CMT8 - ĐT.741, khu phố Tân An, thị trấn Tân Phú, huyện Đồng Phú, Tỉnh Bình Phước",cmdongphu-mkt@coopmart.vn,(0271) 3908 001,6,https://cooponline.vn//cnms/images/coopmart/logo-cm.jpg,7h30 - 17h,,,695,['695'],,300000.0,False,True,False,,,
11,Co.opMart Khu Vực Đ.Nam Bộ,507,Co.opmart Lagi,,Lagi,"Đường Thống Nhất, khu phố 4, phường Tân Thiện, thị xã Lagi, tỉnh Bình Thuận",lagimarketing@coopmart.vn,(0252) 356 1888,6,https://cooponline.vn//cnms/images/coopmart/logo-cm.jpg,7h30 - 17h,,,594,['594'],,,False,True,False,,,
12,Co.opMart Khu Vực Đ.Nam Bộ,539,Co.opmart Phan Rí Cửa,,Phan Rí Cửa,"Đường Lý Thường Kiệt, Khu phố Minh Tân, Thị trấn Phan Rí Cửa, Huyện Tuy Phong, Tỉnh Bình Thuận",cmphanri-mkt@coopmat.vn,(0252) 3909 091,6,https://cooponline.vn//cnms/images/coopmart/logo-cm.jpg,7h30 - 17h,,,595,['595'],,,False,True,False,,,
13,Co.opMart Khu Vực Đ.Nam Bộ,534,Co.opmart Gò Dầu,,Gò Dầu,"Quốc lộ 22B Khu phố Rạch Sơn, Thị trấn Gò Dầu, Huyện Gò Dầu, Tỉnh Tây Ninh (Bến xe Gò Dầu cũ)",cmgodau-mkt@coopmart.vn,(0276) 3522 568,6,https://cooponline.vn//cnms/images/coopmart/logo-cm.jpg,7h30 - 17h,,,710,['710'],,,False,True,False,,,
14,Co.opMart Khu Vực Đ.Nam Bộ,526,Co.opmart Tân Châu,,Tân Châu,"Đường Lê Duẩn, Khu phố 2, Thị trấn Tân Châu, Huyện Tân Châu, Tỉnh Tây Ninh",cmtanchau-mkt@coopmart.vn,(0276) 3755 999,6,https://cooponline.vn//cnms/images/coopmart/logo-cm.jpg,6h30 - 21h30,,,706,['706'],,,False,True,False,,,
15,Co.opMart Khu Vực Đ.Nam Bộ,538,Co.opmart Phước Đông,,Phước Đông,"Khu công nghiệp Phước Đông, Xã Phước Đông, Huyện Gò Dầu, Tỉnh Tây Ninh",cmphuocdong-mkt@coopmart.vn,(0276)3.628.555 - 0911.843.250,6,https://cooponline.vn//cnms/images/coopmart/logo-cm.jpg,7h30 - 17h,,,710,['710'],,,False,True,False,,"{'active': False, 'name': 'CN Liên Hiệp HTX Thương mại TP.HCM - Co.opMart Phước Đông', 'account': '701000438834', 'bank': 'Vietcombank - CN Tây Ninh'}",
16,Co.opMart Khu Vực Đ.Nam Bộ,189,Co.opmart Trảng Bàng,,Trảng Bàng,"Khu phố Lộc An, Thị trấn Trảng Bàng, Huyện Trảng Bàng, Tỉnh Tây Ninh",tbmarketing@coopmart.vn,(0276) 3890 949,6,https://cooponline.vn//cnms/images/coopmart/logo-cm.jpg,7h30 - 17h,,,712,['712'],,,False,True,False,,,
17,Co.opMart Khu Vực Đ.Nam Bộ,563,Co.opmart Tân Biên,,Tân Biên,"Khu phố 3 đường Nguyễn Văn Linh, thị trấn Tân Biên, huyện Tân Biên, tỉnh Tây Ninh",cmtanbien-mkt@coopmart.vn,(0276) 388 7979,6,https://cooponline.vn//cnms/images/coopmart/logo-cm.jpg,7h30 - 17h,,,705,['705'],,,False,True,False,,,
18,Co.opMart Khu Vực Đ.Nam Bộ,564,Co.opmart Dương Minh Châu,,Dương Minh Châu,"Khu phố 1, Thị trấn Dương Minh Châu, Huyện Dương Minh Châu, Tỉnh Tây Ninh",cmduongminhchau-mkt@coopmart.vn,(0276) 374 7979,6,https://cooponline.vn//cnms/images/coopmart/logo-cm.jpg,7h30 - 17h,,,707,['707'],,,False,True,False,,,
0,Co.opMart KV Tây Nguyên,504,Co.opmart Đắk Nông,,Đắk Nông,"Đường Huỳnh Thúc Kháng, Tổ dân phố 1, Phường Nghĩa Thành, Thị xã Gia Nghĩa, Tỉnh Đắk Nông",daknongmarketing@coopmart.vn,(0261) 3555 552,8,https://cooponline.vn//cnms/images/coopmart/logo-cm.jpg,7h30 - 22h,10.8282847,106.7203214,660,['660'],,,False,True,False,False,,
1,Co.opMart KV Tây Nguyên,123,Co.opmart Pleiku,,Pleiku,"21. Cách Mạng Tháng 8, P.Hoa Lư, Tp. Pleiku, Gia lai",pkmarketing@coopmart.vn,(0269) 3720 001,8,https://cooponline.vn//cnms/images/coopmart/logo-cm.jpg,7h30 - 22h,10.8282847,106.7203214,622,['622'],,,False,True,False,False,,
2,Co.opMart KV Tây Nguyên,138,Co.opmart Buôn Ma Thuột,,Buôn Ma Thuột,"71 Nguyễn Tất Thành, P.Tân An, Tp.Buôn Ma Thuột, tỉnh Đắklắk",bmtmarketing@coopmart.vn,(0262) 3957 988,8,https://cooponline.vn//cnms/images/coopmart/logo-cm.jpg,7h30 - 22h,,,643,['643'],,,False,True,False,False,,
3,Co.opMart KV Tây Nguyên,523,Co.opmart Buôn Hồ,,Buôn Hồ,"464 Hùng Vương, Phường An Bình, Thị Xã Buôn Hồ, Tỉnh Đăk Lăk",cmbuonho-mkt@coopmart.vn,(0262) 3.818.180,8,https://cooponline.vn//cnms/images/coopmart/logo-cm.jpg,7h30 - 22h,,,644,['644'],,,False,True,False,False,,
4,Co.opMart KV Tây Nguyên,527,Co.opmart Chư Sê,,Chư Sê,"912 Hùng Vương, Tổ Dân Phố 4, Thị trấn Chư Sê , huyện Chư Sê, tỉnh Gia Lai",cmchuse-mkt@coopmart.vn,(0269) 388 6111,8,https://cooponline.vn//cnms/images/coopmart/logo-cm.jpg,7h30 - 17h,,,633,['633'],,,False,True,False,,,
5,Co.opMart KV Tây Nguyên,528,Co.opmart Kon Tum,,Kon Tum,"205B Lê Hồng Phong, Phường Quyết Thắng, Thành phố Kon Tum, Tỉnh Kon Tum",cmkontum-mkt@coopmart.vn,(0260) 3838 789,8,https://cooponline.vn//cnms/images/coopmart/logo-cm.jpg,7h30 - 17h,,,608,['608'],,,False,True,False,,,
6,Co.opMart KV Tây Nguyên,173,Co.opmart Bảo Lộc,,Bảo Lộc,"Tháp Nước, đường Trần Phú, phường 2, thành phố Bảo Lộc, tỉnh Lâm Đồng",blmarketing@coopmart.vn,(0263) 371 0610,8,https://cooponline.vn//cnms/images/coopmart/logo-cm.jpg,7h30 - 17h,,,673,['673'],,,False,True,False,,,
7,Co.opMart KV Tây Nguyên,566,Co.opmart Cư M Gar,,Cư M Gar,"Tổ dân phố 2, đường Hùng Vương, thị trấn Quảng Phú, huyện Cư M gar, tỉnh Đắk Lắk",cmcumgar-mkt@coopmart.vn,(0262) 3510 139,8,https://cooponline.vn//cnms/images/coopmart/logo-cm.jpg,7h30 - 17h,,,648,['648'],,,False,True,False,,,
0,Finelife Supermarket,399,Finelife supermarket Urban Hill,,F.Urban Hill,"Lô H6-3 Khu A, Phú Mỹ Hưng, Nguyễn Văn Linh",urban-tndvkh@finelife.vn,,7,https://cooponline.vn//cnms/images/coopmart/fnurbanhill.jpg,7h30 - 22h,10.8282847,106.7203214,778,"['778', '773']",,200000,False,True,False,,,
1,Finelife Supermarket,4201,Finelife Foodstore Hà Đô,,F.Hà Đô,"200 Đường 3/2, Phường 12, Quận 10, Thành phố Hồ Chí Minh",hado-tndvkh@finelife.vn,,7,https://cooponline.vn//cnms/images/coopmart/fnhado.jpg,7h30 - 22h,10.8282847,106.7203214,771,['771'],,200000,False,True,False,,,
2,Finelife Supermarket,4202,Finelife Riviera Point,,F.Riviera Point,"Số 02 Nguyễn Văn Tưởng, Tân Phú, Quận 7, Thành phố Hồ Chí Minh",riviera-tndvkh@finelife.vn,,7,https://cooponline.vn//cnms/images/coopmart/fnriviera.jpg,7h30 - 22h,10.8282847,106.7203214,778,['778'],,200000,False,True,False,,,
3,Finelife Supermarket,4203,Finelife SaigonMia,,F.SaigonMia,"căn hộ SG Mia đường 9A, Bình Hưng, Bình Chánh, Thành phố Hồ Chí Minh",mia-tndvkh@finelife.vn,,7,https://cooponline.vn//cnms/images/coopmart/fnmia.jpg,7h30 - 22h,10.8282847,106.7203214,785,['785'],,200000,False,True,False,,,
